TEAM_ID,TEAM_NAME,GP,W,L,W_PCT,MIN,E_OFF_RATING,OFF_RATING,E_DEF_RATING,DEF_RATING,E_NET_RATING,NET_RATING,AST_PCT,AST_TO,AST_RATIO,OREB_PCT,DREB_PCT,REB_PCT,TM_TOV_PCT,EFG_PCT,TS_PCT,E_PACE,PACE,PACE_PER40,POSS,PIE,GP_RANK,W_RANK,L_RANK,W_PCT_RANK,MIN_RANK,OFF_RATING_RANK,DEF_RATING_RANK,NET_RATING_RANK,AST_PCT_RANK,AST_TO_RANK,AST_RATIO_RANK,OREB_PCT_RANK,DREB_PCT_RANK,REB_PCT_RANK,TM_TOV_PCT_RANK,EFG_PCT_RANK,TS_PCT_RANK,PACE_RANK,PIE_RANK,SEASON
1610612747,Los Angeles Lakers,82,56,26,0.683,3981.0,105.6,107.0,101.7,103.6,3.9,3.5,0.607,1.59,17.4,0.338,0.691,0.517,0.154,0.498,0.535,94.3,92.9,77.42,7710,0.532,1,2,2,2,6,1,22,8,14,7,10,3,11,4,9,2,7,15,6,2000-01
1610612755,Philadelphia 76ers,82,56,26,0.683,3971.0,100.7,101.9,96.2,97.3,4.5,4.6,0.583,1.31,16.0,0.334,0.704,0.523,0.17,0.468,0.518,93.2,92.09,76.74,7619,0.536,1,2,2,2,12,14,5,4,21,23,21,4,3,1,23,19,14,19,5,2000-01
1610612747,Los Angeles Lakers,82,58,24,0.707,3956.0,106.5,108.0,98.7,100.4,7.8,7.6,0.597,1.81,17.5,0.311,0.686,0.501,0.135,0.498,0.534,94.8,93.32,77.77,7691,0.549,1,2,2,2,20,2,7,2,18,3,10,16,10,15,2,4,7,6,3,2001-02
1610612751,New Jersey Nets,82,52,30,0.634,3966.0,101.1,102.4,96.6,98.1,4.5,4.3,0.654,1.67,18.2,0.322,0.683,0.503,0.154,0.476,0.515,94.5,93.2,77.67,7707,0.537,1,5,5,5,8,17,1,5,2,6,4,13,17,11,11,14,17,8,4,2001-02
1610612751,New Jersey Nets,82,49,33,0.598,3951.0,100.6,102.1,95.5,96.6,5.1,5.4,0.649,1.56,17.6,0.317,0.702,0.51,0.158,0.468,0.518,94.2,93.0,77.5,7661,0.544,1,8,8,8,26,20,1,4,4,9,6,13,4,8,16,21,18,11,5,2002-03
1610612759,San Antonio Spurs,82,60,22,0.732,3966.0,103.1,103.9,96.6,98.1,6.5,5.8,0.563,1.26,15.9,0.311,0.687,0.508,0.171,0.497,0.541,92.5,91.46,76.21,7558,0.549,1,1,1,1,14,8,3,3,25,24,21,16,16,12,24,4,3,20,3,2002-03
1610612765,Detroit Pistons,82,54,28,0.659,3956.0,99.1,100.3,92.5,93.9,6.6,6.5,0.62,1.37,16.6,0.332,0.686,0.512,0.168,0.461,0.511,90.5,89.34,74.45,7365,0.558,1,6,6,6,19,19,2,2,10,18,13,8,15,6,20,20,19,22,2,2003-04
1610612747,Los Angeles Lakers,82,56,26,0.683,3971.0,102.7,104.2,98.7,100.1,4.0,4.1,0.643,1.72,17.9,0.313,0.701,0.506,0.146,0.481,0.522,94.8,93.39,77.82,7729,0.538,1,4,4,4,7,6,8,7,5,4,4,15,7,12,5,7,8,7,6,2003-04
1610612765,Detroit Pistons,82,54,28,0.659,3991.0,102.8,103.9,97.9,99.6,4.8,4.3,0.627,1.58,17.2,0.34,0.693,0.518,0.154,0.472,0.519,89.8,88.59,73.82,7364,0.542,1,5,5,5,3,18,3,5,7,8,8,4,8,2,14,23,23,30,4,2004-05
1610612759,San Antonio Spurs,82,59,23,0.72,3961.0,104.9,106.1,95.8,97.8,9.1,8.3,0.606,1.57,17.1,0.321,0.697,0.51,0.151,0.492,0.534,91.4,89.96,74.97,7435,0.565,1,2,2,2,17,8,1,1,14,9,11,15,5,7,11,6,12,25,1,2004-05
1610612742,Dallas Mavericks,82,60,22,0.732,3976.0,108.7,109.9,101.9,103.2,6.8,6.7,0.5,1.32,14.6,0.347,0.69,0.522,0.15,0.495,0.55,90.3,89.3,74.42,7397,0.551,1,3,3,3,9,2,9,3,30,23,28,2,18,2,11,10,5,25,3,2005-06
1610612748,Miami Heat,82,52,30,0.634,3951.0,106.4,107.5,101.7,103.4,4.7,4.1,0.557,1.43,16.4,0.297,0.726,0.519,0.156,0.517,0.556,93.8,92.56,77.13,7622,0.538,1,5,5,5,28,7,10,6,19,15,14,19,2,3,16,2,2,12,5,2005-06
1610612739,Cleveland Cavaliers,82,50,32,0.61,3976.0,102.6,104.4,98.9,100.6,3.7,3.8,0.574,1.45,16.2,0.327,0.721,0.518,0.155,0.484,0.522,93.2,91.59,76.33,7598,0.52,1,7,7,7,8,16,4,7,17,12,17,5,2,5,9,22,29,22,8,2006-07
1610612759,San Antonio Spurs,82,58,24,0.707,3956.0,106.7,108.6,97.4,99.4,9.2,9.2,0.605,1.6,17.8,0.279,0.715,0.505,0.153,0.521,0.561,92.0,90.22,75.19,7440,0.569,1,3,3,3,22,5,2,1,8,5,4,26,6,11,7,2,2,28,1,2006-07
1610612738,Boston Celtics,82,66,16,0.805,3951.0,107.6,108.8,96.2,98.1,11.5,10.8,0.614,1.47,17.6,0.306,0.707,0.518,0.164,0.522,0.569,93.3,91.88,76.57,7575,0.581,1,1,1,1,22,11,1,1,7,18,8,12,9,4,29,5,5,19,1,2007-08
1610612747,Los Angeles Lakers,82,57,25,0.695,3956.0,110.3,111.7,102.8,104.3,7.4,7.3,0.617,1.73,18.1,0.297,0.702,0.507,0.145,0.525,0.57,98.0,96.7,80.58,7974,0.551,1,3,3,3,18,3,5,3,5,6,4,19,14,8,10,4,4,6,5,2007-08
1610612747,Los Angeles Lakers,82,65,17,0.793,3956.0,109.8,111.4,101.9,103.5,7.9,7.9,0.577,1.73,17.3,0.326,0.698,0.514,0.14,0.513,0.555,96.9,95.49,79.58,7874,0.547,1,2,2,2,21,3,6,3,8,3,5,3,16,4,5,6,6,5,3,2008-09
1610612753,Orlando Magic,82,59,23,0.72,3946.0,107.2,108.3,98.9,101.3,8.3,7.1,0.544,1.39,15.6,0.273,0.717,0.502,0.149,0.52,0.559,94.6,92.99,77.49,7649,0.545,1,4,4,4,27,9,1,4,27,26,26,29,3,16,16,3,5,14,4,2008-09
1610612738,Boston Celtics,82,50,32,0.61,3956.0,105.4,106.9,101.1,103.2,4.3,3.7,0.635,1.58,18.5,0.274,0.697,0.493,0.16,0.522,0.564,93.8,92.22,76.85,7609,0.54,1,9,9,9,17,15,5,9,2,10,2,27,18,24,27,5,6,24,4,2009-10
1610612747,Los Angeles Lakers,82,57,25,0.695,3966.0,105.9,107.6,101.1,102.7,4.9,4.9,0.55,1.58,16.2,0.314,0.708,0.512,0.141,0.496,0.538,95.2,93.73,78.11,7749,0.529,1,3,3,3,12,11,3,6,21,12,17,9,7,5,5,15,16,14,9,2009-10
1610612742,Dallas Mavericks,82,57,25,0.695,3941.0,107.6,108.4,102.3,104.1,5.3,4.4,0.637,1.71,18.7,0.278,0.713,0.504,0.151,0.525,0.565,93.4,92.24,76.86,7581,0.538,1,4,4,4,29,9,8,8,1,3,2,25,7,11,16,3,4,17,6,2010-11
1610612748,Miami Heat,82,58,24,0.707,3956.0,109.3,110.6,100.7,102.9,8.5,7.8,0.541,1.44,16.1,0.287,0.715,0.514,0.151,0.524,0.573,93.2,91.63,76.36,7564,0.556,1,3,3,3,20,2,5,2,25,23,22,20,5,3,15,4,2,20,2,2010-11
1610612748,Miami Heat,66,46,20,0.697,3208.0,104.3,105.6,97.1,99.2,7.2,6.4,0.538,1.31,15.9,0.299,0.693,0.504,0.163,0.505,0.549,93.7,92.07,76.73,6154,0.553,1,4,4,4,6,6,4,3,24,24,20,21,13,12,21,6,4,16,2,2011-12
1610612760,Oklahoma City Thunder,66,47,19,0.712,3198.0,107.1,108.4,100.0,102.1,7.2,6.3,0.497,1.13,14.6,0.304,0.687,0.509,0.172,0.516,0.567,95.7,94.11,78.42,6273,0.542,1,3,3,3,8,2,9,4,30,30,30,19,21,7,28,3,1,5,4,2011-12
1610612748,Miami Heat,82,66,16,0.805,3976.0,110.3,111.4,100.5,103.2,9.9,8.2,0.6,1.65,18.4,0.264,0.678,0.485,0.151,0.552,0.588,93.0,91.26,76.05,7572,0.564,1,1,1,1,4,1,9,2,13,4,4,26,28,26,7,1,1,23,2,2012-13
1610612759,San Antonio Spurs,82,58,24,0.707,3976.0,105.9,107.0,99.2,100.3,6.8,6.7,0.641,1.71,19.1,0.243,0.715,0.493,0.153,0.531,0.568,96.4,95.31,79.43,7892,0.551,1,3,3,3,4,7,3,4,3,2,1,30,1,19,9,2,3,5,3,2012-13
1610612748,Miami Heat,82,54,28,0.659,3976.0,109.0,110.0,102.9,105.0,6.1,5.1,0.588,1.52,18.1,0.244,0.686,0.476,0.159,0.554,0.59,93.3,91.9,76.58,7615,0.539,1,5,5,5,7,3,11,4,13,14,5,29,27,28,22,1,1,27,5,2013-14
1610612759,San Antonio Spurs,82,62,20,0.756,3951.0,108.2,109.5,100.1,101.4,8.1,8.1,0.621,1.75,19.0,0.261,0.725,0.503,0.15,0.537,0.571,97.1,95.87,79.89,7887,0.555,1,1,1,1,25,5,4,1,5,3,1,26,3,15,9,2,3,11,1,2013-14
1610612739,Cleveland Cavaliers,82,53,29,0.646,3956.0,107.7,110.1,104.1,105.3,3.7,4.8,0.587,1.55,17.1,0.311,0.711,0.513,0.152,0.52,0.557,94.8,93.23,77.69,7682,0.514,1,7,7,7,23,4,18,5,13,16,9,6,15,6,19,4,4,25,10,2014-15
1610612744,Golden State Warriors,82,67,15,0.817,3946.0,109.7,110.4,98.2,100.4,11.4,9.9,0.659,1.9,19.7,0.273,0.703,0.498,0.145,0.54,0.571,100.7,99.28,82.74,8170,0.569,1,1,1,1,26,2,1,1,2,2,1,24,18,14,11,1,1,1,1,2014-15
1610612739,Cleveland Cavaliers,82,57,25,0.695,3971.0,108.1,110.2,102.3,103.9,5.8,6.3,0.587,1.67,17.4,0.294,0.742,0.519,0.143,0.524,0.558,95.5,93.82,78.19,7764,0.528,1,3,3,3,9,3,10,4,16,10,11,10,5,4,13,3,4,28,5,2015-16
1610612744,Golden State Warriors,82,73,9,0.89,3976.0,112.5,113.5,100.9,102.8,11.6,10.6,0.68,1.91,20.4,0.267,0.72,0.507,0.15,0.563,0.593,101.6,100.24,83.54,8303,0.567,1,1,1,1,5,1,6,2,1,1,1,22,15,11,18,1,1,2,2,2015-16
1610612739,Cleveland Cavaliers,82,51,31,0.622,3976.0,110.9,112.8,108.0,109.7,2.9,3.1,0.567,1.66,17.1,0.264,0.722,0.499,0.14,0.547,0.58,98.4,96.74,80.61,8019,0.51,1,5,5,5,4,3,21,7,20,16,15,21,14,18,11,2,3,16,9,2016-17
1610612744,Golden State Warriors,82,67,15,0.817,3956.0,113.2,114.8,101.1,103.4,12.1,11.4,0.705,2.06,21.2,0.272,0.709,0.504,0.146,0.563,0.597,102.2,100.37,83.65,8279,0.579,1,1,1,1,18,1,2,1,1,1,1,17,27,10,20,1,1,4,1,2016-17
1610612739,Cleveland Cavaliers,82,50,32,0.61,3946.0,110.6,112.0,109.5,111.1,1.0,1.0,0.579,1.7,17.5,0.243,0.73,0.492,0.139,0.547,0.584,100.1,98.72,82.27,8114,0.502,1,6,6,6,23,5,29,14,20,8,9,28,16,24,9,3,3,9,17,2017-18
1610612744,Golden State Warriors,82,58,24,0.707,3946.0,112.3,112.8,104.2,106.8,8.1,5.9,0.685,1.9,20.9,0.243,0.712,0.497,0.153,0.569,0.603,101.8,100.35,83.63,8251,0.554,1,3,3,3,23,3,11,3,1,1,1,27,29,19,25,1,1,5,1,2017-18
1610612744,Golden State Warriors,82,57,25,0.695,3961.0,113.9,115.0,106.5,108.6,7.5,6.5,0.668,2.06,20.4,0.257,0.727,0.505,0.139,0.565,0.596,103.2,101.74,84.78,8390,0.546,1,3,3,3,15,1,11,2,1,1,1,23,17,10,16,1,1,10,2,2018-19
1610612761,Toronto Raptors,82,58,24,0.707,3976.0,110.9,112.6,104.3,106.8,6.5,5.8,0.603,1.81,18.2,0.265,0.726,0.502,0.138,0.543,0.579,102.5,100.51,83.76,8334,0.533,1,2,2,2,4,5,5,3,14,13,11,19,18,13,14,3,4,15,4,2018-19
1610612747,Los Angeles Lakers,71,52,19,0.732,3418.0,109.6,111.7,103.8,106.1,5.8,5.6,0.6,1.67,18.0,0.283,0.737,0.512,0.149,0.542,0.573,103.3,101.2,84.33,7211,0.539,21,3,2,3,22,11,3,5,15,14,10,6,11,6,23,5,9,11,2,2019-20
1610612748,Miami Heat,73,44,29,0.603,3549.0,110.0,111.9,107.2,109.3,2.8,2.7,0.657,1.74,18.8,0.257,0.753,0.512,0.149,0.547,0.587,100.5,98.7,82.25,7306,0.525,3,8,11,11,3,7,12,7,3,10,4,23,3,5,22,3,1,27,6,2019-20
1610612749,Milwaukee Bucks,72,46,26,0.639,3466.0,114.7,116.5,109.1,110.7,5.5,5.8,0.569,1.84,18.0,0.269,0.755,0.519,0.134,0.566,0.593,104.4,102.85,85.71,7423,0.533,1,7,7,7,22,5,9,4,25,13,13,13,4,5,13,2,5,2,4,2020-21
1610612756,Phoenix Suns,72,51,21,0.708,3496.0,114.9,116.3,108.8,110.4,6.1,5.9,0.622,2.15,19.6,0.248,0.741,0.5,0.126,0.564,0.597,99.3,98.0,81.67,7137,0.534,1,2,2,2,1,7,6,3,9,1,1,25,11,14,4,3,3,24,3,2020-21
1610612738,Boston Celtics,82,51,31,0.622,3981.0,112.1,113.6,104.0,106.2,8.1,7.4,0.609,1.82,18.2,0.277,0.725,0.509,0.139,0.542,0.578,99.0,97.26,81.05,8068,0.547,1,6,6,6,2,9,1,2,14,11,10,11,16,10,13,9,9,24,2,2021-22
1610612744,Golden State Warriors,82,53,29,0.646,3946.0,110.5,112.1,103.9,106.6,6.5,5.5,0.669,1.82,19.5,0.269,0.736,0.51,0.15,0.552,0.582,100.7,98.74,82.28,8121,0.536,1,3,3,3,24,16,2,4,1,12,3,15,6,8,29,3,4,15,3,2021-22
1610612743,Denver Nuggets,82,53,29,0.646,3951.0,115.0,116.8,111.7,113.5,3.3,3.3,0.663,1.99,20.5,0.289,0.727,0.514,0.147,0.573,0.601,100.3,98.74,82.28,8129,0.525,1,4,4,4,25,5,15,6,2,5,1,12,11,4,23,1,3,24,3,2022-23
1610612748,Miami Heat,82,44,38,0.537,3961.0,110.4,112.3,110.6,112.8,-0.2,-0.5,0.608,1.77,17.8,0.274,0.733,0.498,0.138,0.53,0.574,98.6,96.76,80.63,7991,0.496,1,11,11,11,18,25,9,21,14,21,21,18,4,18,13,25,21,29,22,2022-23
1610612738,Boston Celtics,82,64,18,0.78,3966.0,120.2,122.2,109.0,110.6,11.2,11.7,0.613,2.25,19.3,0.287,0.726,0.515,0.121,0.578,0.609,99.5,97.98,81.65,8090,0.555,1,1,1,1,7,1,2,1,21,3,13,14,7,5,1,2,1,19,1,2023-24
1610612742,Dallas Mavericks,82,50,32,0.61,3941.0,115.2,117.0,112.6,114.9,2.6,2.1,0.596,2.05,18.5,0.257,0.711,0.485,0.124,0.562,0.592,102.4,100.6,83.83,8263,0.506,1,6,6,6,26,8,18,15,26,10,20,25,21,26,4,7,9,7,16,2023-24
